Jun 18 2016 11:43:00, 778
Jun 19 2016 10:43:00, 780
Jun 20 2016 09:43:00, 786
Jun 21 2016 08:43:00, 787
Jun 22 2016 07:43:00, 790
Jun 23 2016 06:43:00, 789
Jun 24 2016 05:43:00, 789
Jun 25 2016 04:43:00, 791
Jun 26 2016 03:43:00, 791
Jun 27 2016 02:43:00, 790
Jun 28 2016 01:43:00, 794
Jun 29 2016 00:43:00, 791
Jun 29 2016 23:43:00, 789
Jun 30 2016 22:43:00, 790
Jul 01 2016 21:43:00, 789
Jul 02 2016 20:43:00, 792
Jul 03 2016 19:43:00, 787
Jul 04 2016 18:43:00, 787
Jul 05 2016 17:43:00, 786
Jul 06 2016 16:43:00, 789
Jul 07 2016 15:43:00, 794
Jul 08 2016 14:43:00, 797
Jul 09 2016 13:43:00, 788
Jul 10 2016 12:43:00, 792
Jul 11 2016 11:43:00, 796
Jul 12 2016 10:43:00, 798
Jul 13 2016 09:43:00, 802
Jul 14 2016 08:43:00, 803
Jul 15 2016 07:43:00, 801
Jul 16 2016 06:43:00, 799
Jul 17 2016 05:43:00, 802
